left,right,confidence_score
86981,83445,0.932
86982,83445,0.9520000000000001
86996,65304,1.0
87011,20545,1.0
87024,1957,1.0
87033,94318,0.812
87046,1651,0.86
87046,14767,0.812
87046,52991,0.8480000000000001
87063,29108,0.9520000000000001
87063,94486,0.872
87079,76590,0.852
87100,39422,0.8440000000000001
87100,85025,0.804
87181,73694,1.0
87182,73694,1.0
87218,53041,1.0
87234,67595,1.0
87235,67595,0.956
87268,49879,1.0
87269,49879,1.0
87297,11916,1.0
87482,43252,0.8240000000000001
87484,54678,0.8080000000000002
87505,59999,1.0
87517,27848,0.9480000000000001
87532,42976,1.0
87616,29108,0.9520000000000001
87616,94486,0.872
87678,42961,0.8240000000000001
87678,47016,1.0
87696,25822,1.0
87760,42655,0.82
87760,91059,0.82
87797,8010,1.0
87935,84895,1.0
87936,84895,1.0
87943,73792,0.904
87997,55702,0.956
87998,55702,1.0
88052,25169,0.884
88052,40234,0.9440000000000001
88052,48694,0.804
88052,55947,0.8680000000000001
88052,84540,0.852
88057,21114,1.0
88173,7971,1.0
88216,79729,0.804
88259,30312,0.812
88266,62854,0.924
88267,62854,0.924
88291,20545,1.0
88310,70224,1.0
88325,76690,1.0
88326,76690,1.0
88401,39351,0.8240000000000001
88411,39422,0.8440000000000001
88411,85025,0.804
88460,21372,1.0
88521,71405,1.0
88522,71405,0.848
88524,13695,1.0
88524,21591,0.8240000000000001
88524,31346,0.816
88524,33273,0.84
88524,59598,0.848
88524,64815,0.82
88534,53041,1.0
88541,79411,0.888
88564,79411,0.9
88639,75594,1.0
88657,23907,1.0
88686,30412,1.0
88688,30412,1.0
88713,27935,0.9840000000000001
88727,42961,0.8240000000000001
88727,47016,1.0
88733,21372,1.0
88771,24468,0.98
88800,1957,1.0
88800,89211,0.8080000000000002
88839,3612,1.0
88847,20348,1.0
88892,69540,0.868
88925,75594,1.0
88972,66246,1.0
89024,77495,1.0
89055,56731,0.8079999999999999
89091,37656,0.8079999999999999
89197,77021,1.0
89315,18453,1.0
89315,22933,0.84
89315,64206,0.8240000000000001
89315,71499,0.82
89340,65624,0.88
89392,3612,1.0
89402,73805,1.0
89403,6328,1.0
89403,15467,0.828
89436,42556,0.868
89445,21114,1.0
89478,86550,1.0
89510,7839,1.0
89541,25599,0.9079999999999999
89541,49022,0.868
89542,25599,0.9079999999999999
89542,49022,0.868
89695,76096,1.0
89712,22110,0.9840000000000001
89791,44122,1.0
89799,29793,0.868
89799,52991,0.8240000000000001
89809,36825,0.804
89814,44122,1.0
89852,21591,0.932
89881,65626,0.98
89886,36825,0.82
89896,59999,1.0
89953,13695,0.9159999999999999
89978,45625,1.0
89979,74901,0.812
89983,70623,1.0
89994,53725,0.8240000000000001
90017,7839,1.0
90072,50559,0.868
90155,39351,0.8240000000000001
90234,77021,1.0
90310,15591,0.8640000000000001
90341,39564,0.96
90403,86550,1.0
90436,66246,1.0
90632,38299,1.0
90692,65626,0.98
90713,52763,0.868
90738,56520,0.848
90789,27782,0.9079999999999999
90814,54598,0.804
90818,18453,1.0
90818,22933,0.812
90843,5480,0.9520000000000001
90843,46372,0.8759999999999999
90843,57574,0.904
90847,65624,0.88
90890,15467,0.8079999999999999
90890,40896,0.84
90890,65972,0.9520000000000001
90902,49785,0.8160000000000001
90934,8322,1.0
90951,435,0.8240000000000001
90951,25169,0.8320000000000001
90951,55947,0.812
90951,76328,0.84
90951,84540,0.856
90951,86327,0.8320000000000001
91033,59715,0.8079999999999999
91121,3684,1.0
91195,68743,1.0
91240,1467,1.0
91273,79815,0.98
91280,5480,0.8440000000000001
91280,46372,0.8440000000000001
91280,49547,0.872
91280,57574,0.872
91320,24525,0.9680000000000001
91377,19651,1.0
91380,1467,1.0
91394,57773,1.0
91435,44789,0.96
91516,50527,1.0
91584,65626,0.804
91584,79815,0.852
91635,50559,0.868
91712,23907,1.0
91744,68982,0.816
91827,72493,0.828
91840,54598,0.804
91846,53725,0.8240000000000001
91907,9942,1.0
91949,61298,0.816
91949,83614,0.804
91951,61298,0.816
91951,83614,0.804
92064,92930,0.828
92110,64130,0.88
92130,56520,0.848
92144,41233,0.96
92173,59056,1.0
92174,39351,0.8240000000000001
92174,59056,1.0
92207,21591,0.8240000000000001
92207,22428,0.9159999999999999
92207,33273,0.804
92207,49228,0.836
92207,51155,0.848
92207,59598,0.848
92240,5773,1.0
92240,33923,0.8080000000000002
92283,52763,0.868
92429,10963,0.82
92429,11680,0.836
92429,14187,0.856
92429,27798,0.8759999999999999
92429,49228,0.836
92429,62541,0.82
92429,63683,0.82
92429,68039,0.82
92429,76394,0.82
92429,93364,0.82
92429,94390,0.836
92546,5480,0.9520000000000001
92546,46372,0.8759999999999999
92546,57574,0.904
92589,15467,0.924
92589,40896,0.84
92589,44707,0.8320000000000001
92589,65972,1.0
92589,67879,0.836
92597,65059,0.932
92787,44933,1.0
92788,44933,1.0
92793,61367,0.812
92890,87522,0.804
93057,42147,0.804
93246,8322,1.0
93491,71368,1.0
93508,11680,0.804
93508,14187,0.856
93547,48438,0.804
93720,79815,0.98
93756,80401,0.9640000000000001
93759,51580,0.8320000000000001
94019,4572,0.8079999999999999
94128,67979,0.812
94168,13544,0.892
94261,23907,0.9520000000000001
94271,70551,0.8440000000000001
94290,48676,0.8440000000000001
94367,80401,0.9640000000000001
94424,25169,0.8320000000000001
94424,55947,0.8240000000000001
94424,84540,0.804
94530,71093,1.0
94542,50527,0.804
94544,23732,1.0
94589,71093,1.0
94640,56239,1.0
94641,56239,1.0
94718,24525,0.9680000000000001
94759,39750,1.0
94760,39750,0.9520000000000001
94793,15467,0.9
94794,15467,0.9
94815,23907,0.9520000000000001
94824,14187,0.8160000000000001
94824,27798,0.856
94861,45462,1.0
94877,5773,1.0
95108,11680,0.86
95108,14187,0.856
95110,73214,1.0
95178,31457,0.852
95178,89367,0.82
95209,61061,0.828
95314,4938,1.0
95428,42162,0.884
95501,88303,0.852
95517,3115,0.94
95517,62018,0.812
95535,34830,1.0
95543,87932,0.804
95596,62018,0.9680000000000001
95717,68883,1.0
96218,20199,0.912
96218,71368,0.812
96224,9369,1.0
96403,14533,0.804
96412,9369,1.0
96437,36312,0.9880000000000001
96478,66040,1.0
96490,46776,0.828
96490,69066,0.904
97219,82798,0.868
97270,20635,0.98
97278,88290,0.804
97397,63978,0.92
97511,9743,0.836
97543,64183,1.0
97658,78083,0.956
97779,40967,1.0
97808,69039,1.0
97825,82153,0.8079999999999999
97825,85318,0.9480000000000001
97826,82153,0.8079999999999999
97826,85318,0.9480000000000001
98138,73214,1.0
98361,69039,0.8079999999999999
98461,435,0.812
98461,6622,0.8320000000000001
98461,25169,0.852
98461,39718,0.812
98461,45052,0.804
98461,55947,0.8240000000000001
98461,60000,0.836
98461,67879,0.812
98461,74092,0.804
98461,75438,0.812
98461,84540,0.8240000000000001
98491,6622,0.8160000000000001
98491,25169,0.8360000000000001
98491,55947,0.812
98491,60000,0.82
98491,84540,0.8079999999999999
98492,22573,0.8440000000000001
98492,60827,1.0
98492,84571,0.8079999999999999
87037,7860,1.0
87149,36401,1.0
87257,34069,1.0
87407,69443,0.8160000000000001
87412,36401,1.0
87415,2728,0.8160000000000001
87415,4617,1.0
87415,35575,0.8480000000000001
87415,68016,0.8560000000000001
87427,29067,0.848
87427,66845,0.9560000000000001
87564,42904,1.0
87565,90215,0.9680000000000001
87702,18450,1.0
87717,46151,1.0
87718,46151,1.0
87729,21944,0.92
87730,21944,0.92
87794,41278,0.9
87843,205,1.0
87843,32844,0.848
87843,33586,0.8079999999999999
87843,55519,0.84
87843,73134,0.8320000000000001
87903,9569,1.0
87973,9569,1.0
88211,18797,1.0
88211,64123,0.836
88218,9030,1.0
88242,60809,0.956
88242,64123,0.8680000000000001
88379,60809,0.956
88379,64123,0.8680000000000001
88619,22687,1.0
88621,10518,0.8959999999999999
88648,16313,0.848
88749,67699,1.0
88805,74172,1.0
88835,78900,1.0
88858,28731,0.956
88858,64123,0.8680000000000001
89022,42904,1.0
89034,78900,0.956
89148,29067,0.884
89176,55210,1.0
89180,25768,0.816
89230,85165,1.0
89302,33383,1.0
89309,21133,1.0
89451,92015,0.804
89490,50133,0.8080000000000002
89490,78759,0.804
89490,90702,1.0
89550,28731,0.956
89550,64123,0.8680000000000001
89608,75475,1.0
89609,75475,1.0
89673,38675,0.9079999999999999
89894,29093,0.956
90213,82917,1.0
90360,41815,0.9159999999999999
90409,77293,1.0
90448,40066,0.8440000000000001
90448,77859,0.86
90530,6356,0.86
90616,2623,0.812
90616,68279,1.0
90655,39339,1.0
90767,91837,0.9359999999999999
90786,64123,0.8680000000000001
90837,91344,1.0
91025,50133,0.8160000000000001
91025,68016,0.816
91025,78759,0.804
91025,90702,1.0
91103,19530,0.9159999999999999
91104,19530,0.9159999999999999
91174,15156,0.8080000000000002
91174,40066,0.8480000000000001
91174,81956,0.8080000000000002
91174,82000,0.804
91223,6356,0.86
91264,36842,1.0
91526,17363,1.0
91526,31416,0.804
91615,32772,0.8079999999999999
91615,46521,0.94
91801,7256,1.0
91804,17363,1.0
91804,31416,0.804
91816,57944,0.852
91818,57944,0.852
91837,57944,0.8440000000000001
91860,56510,0.9520000000000001
91861,56510,0.9520000000000001
91870,93810,1.0
91891,89896,0.9280000000000002
91906,41815,0.804
91962,77293,1.0
91994,61819,1.0
92045,7212,1.0
92071,15156,0.8080000000000002
92071,40066,0.8440000000000001
92104,19032,0.96
92200,37305,0.8759999999999999
92278,52012,0.9880000000000001
92342,28983,0.924
92342,29067,0.8160000000000001
92352,32772,0.8079999999999999
92352,46521,0.94
92362,67691,0.868
92484,93810,1.0
92521,55010,1.0
92838,8709,1.0
92840,40066,0.8440000000000001
92841,40066,0.8440000000000001
92862,20365,0.8280000000000001
92862,59311,1.0
92919,3947,0.924
92919,35755,0.8320000000000001
92931,40066,0.8440000000000001
92931,62620,0.812
92931,62743,0.86
92931,76490,0.812
92947,40066,0.8440000000000001
92947,62743,0.86
92947,76490,0.812
93046,79590,0.884
93096,58837,0.8280000000000001
93096,83231,0.94
93175,36842,0.9880000000000001
93301,31234,0.8959999999999999
93379,64729,1.0
93418,8709,0.9680000000000001
93504,8012,0.868
93582,44333,0.816
93733,81034,0.856
93735,29067,0.8160000000000001
93792,6187,0.88
93830,6913,0.812
93830,13747,0.88
93852,41971,1.0
93895,41971,0.976
93975,93243,0.856
94062,2623,1.0
94084,25768,0.92
94191,51708,0.8440000000000001
94258,20943,0.8079999999999999
94258,64123,0.86
94303,74642,1.0
94304,74642,1.0
94318,14605,1.0
94364,1578,1.0
94472,53221,1.0
94625,51708,0.8440000000000001
94626,8012,0.868
94626,50133,0.804
94626,57787,0.8080000000000002
94626,78759,0.816
94626,90702,0.816
94666,20386,0.94
94685,64729,0.956
94686,16337,1.0
94780,42933,0.956
94811,3947,0.924
94811,35755,0.8320000000000001
94878,20943,0.804
94878,64123,0.86
94929,79590,0.884
94986,31619,1.0
94986,77859,0.812
95045,20152,0.9840000000000001
95130,58848,0.8360000000000001
95164,38675,0.804
95186,66641,0.924
95254,62198,0.8440000000000001
95270,20152,0.9840000000000001
95382,15156,0.856
95382,40066,0.8440000000000001
95382,82000,0.804
95385,15156,0.856
95385,40066,0.8440000000000001
95385,82000,0.804
95407,1578,1.0
95575,7585,0.9840000000000001
95673,31123,1.0
95820,5281,1.0
95849,4278,0.892
95981,43738,0.804
95981,58837,0.8280000000000001
96048,43738,0.804
96048,58837,0.8280000000000001
96152,42933,0.956
96199,59194,1.0
96495,332,1.0
96497,332,1.0
96507,34962,0.9840000000000001
96528,67703,1.0
96546,79554,1.0
96596,20365,0.912
96692,34962,1.0
96715,6187,0.828
96828,5281,1.0
96929,27719,1.0
96953,38161,0.9520000000000001
97015,37077,0.976
97016,37077,0.976
97144,49252,1.0
97308,67703,1.0
97346,7256,0.8640000000000001
97494,9370,1.0
97500,10428,0.8079999999999999
97619,20943,0.8079999999999999
97619,64123,0.86
97619,89711,0.852
97669,47885,0.9079999999999999
97742,81068,1.0
97846,47023,1.0
97846,67699,0.8240000000000001
97851,15156,0.856
97851,40066,0.8440000000000001
97851,81956,0.888
97903,38161,0.9520000000000001
97943,645,1.0
98301,38675,0.804
87012,38708,0.82
87012,90988,1.0
87023,90439,1.0
87045,12315,1.0
87083,12308,0.868
87084,12308,0.868
87124,70169,0.9520000000000001
87159,27419,1.0
87159,28546,0.812
87159,81036,0.84
87164,76081,0.9440000000000001
87198,57937,0.8640000000000001
87198,74829,0.8280000000000001
87391,77645,1.0
87443,60671,0.84
87457,60671,0.8440000000000001
87527,21337,0.9
87528,16562,0.812
87528,60671,0.816
87590,69140,0.8440000000000001
87590,85460,0.9159999999999999
87591,69140,0.8440000000000001
87591,85460,0.9159999999999999
87725,50960,1.0
87727,50960,1.0
87744,18491,1.0
87786,91899,0.9440000000000001
87845,85593,0.9520000000000001
87977,5911,0.828
87977,25532,0.892
87977,34780,0.82
87977,60671,0.8160000000000001
88002,27419,1.0
88002,28546,0.812
88002,81036,0.84
88015,3264,0.836
88062,77202,0.852
88303,77202,0.852
88311,24202,0.852
88327,24202,0.852
88349,12702,1.0
88349,90226,0.812
88350,15880,0.94
88350,43569,0.892
88413,67184,0.836
88413,78654,0.8240000000000001
88610,5911,0.828
88610,25532,0.892
88610,34780,0.82
88610,60671,0.8160000000000001
88683,51431,1.0
88684,51431,1.0
88746,21337,1.0
88928,85593,0.9520000000000001
88965,70543,1.0
88965,78578,0.8079999999999999
88965,79144,0.82
88967,64476,0.9520000000000001
88985,34772,0.812
88985,76081,1.0
88985,77688,0.8079999999999999
88985,77779,0.828
89114,87490,0.804
89121,968,0.8080000000000002
89123,968,0.836
89154,12315,0.8240000000000001
89171,86690,0.912
89248,57650,0.924
89251,63525,1.0
89318,34284,1.0
89326,12315,0.8240000000000001
89343,27914,0.804
89343,38708,1.0
89343,90988,0.8240000000000001
89358,16562,1.0
89373,57650,0.924
89553,28546,0.812
89553,34144,1.0
89689,17438,1.0
89689,18322,1.0
89833,12315,1.0
89845,92783,0.992
89900,65097,1.0
89932,37590,0.9440000000000001
89972,91920,0.9880000000000001
89977,91920,1.0
90035,62725,0.868
90036,62725,0.868
90141,66478,1.0
90178,58008,0.976
90179,58008,0.976
90202,92783,0.992
90299,16534,0.804
90299,85460,0.82
90322,19856,0.804
90322,37590,0.8079999999999999
90418,63525,1.0
90422,64476,0.9520000000000001
90468,27914,0.804
90468,38708,1.0
90468,90988,0.8240000000000001
90513,35936,0.956
90606,69140,1.0
90635,48338,0.868
90668,19856,0.804
90741,35840,1.0
90896,92571,0.8640000000000001
90897,92571,0.9
91186,35805,0.9280000000000002
91262,37590,1.0
91262,73116,0.836
91530,80510,1.0
91531,69140,0.8440000000000001
91531,85460,0.888
91538,69140,0.8440000000000001
91538,85460,0.904
91545,77202,1.0
91616,11351,0.8080000000000002
91616,69140,0.8240000000000001
91616,85460,0.86
91617,20946,0.804
91710,28546,0.812
91710,34144,1.0
91720,66478,1.0
91865,19856,1.0
91919,22333,1.0
91919,38357,0.8160000000000001
91919,52725,0.8320000000000001
91942,79651,0.9440000000000001
91948,55360,0.8680000000000001
91948,81192,0.912
91998,77202,1.0
92017,69948,1.0
92035,60671,1.0
92092,17279,1.0
92092,70543,0.82
92092,78578,0.804
92092,79144,0.836
92113,91270,1.0
92250,35805,0.9880000000000001
92270,79114,0.936
92309,1549,0.8320000000000001
92790,20985,1.0
92813,89775,0.9440000000000001
92827,73056,1.0
92849,2061,0.84
92849,20706,0.82
92849,63193,0.8640000000000001
92859,86092,0.82
92884,91183,1.0
92896,59849,1.0
92920,73056,0.9440000000000001
93010,20806,1.0
93010,72550,0.8240000000000001
93079,60671,0.9840000000000001
93104,20687,1.0
93155,37590,0.8079999999999999
93282,80510,1.0
93302,13743,0.812
93494,37590,0.8079999999999999
93494,79483,0.8079999999999999
93526,59849,0.804
93543,69051,0.816
93563,3050,1.0
93644,739,0.804
93666,25276,0.8079999999999999
93696,4644,0.9280000000000002
93768,68429,1.0
93903,38521,0.956
93933,87151,0.9159999999999999
94080,77799,1.0
94080,93212,0.8240000000000001
94110,537,0.828
94173,34263,1.0
94179,42863,0.9480000000000001
94179,51522,0.904
94220,63871,1.0
94235,20806,0.9159999999999999
94235,72550,0.82
94319,69051,0.816
94373,37590,0.8079999999999999
94373,79483,0.8079999999999999
94413,37590,0.8079999999999999
94436,20687,0.9640000000000001
94795,93125,0.972
95001,32279,0.96
95223,5494,0.84
95281,9164,0.924
95360,69140,0.884
95429,19856,0.82
95515,42863,0.9480000000000001
95515,51522,0.904
95779,18112,0.924
95812,19856,0.8079999999999999
95825,37590,0.8079999999999999
95825,76728,0.8640000000000001
95826,37590,0.8079999999999999
95826,76728,0.8640000000000001
95909,80223,0.9680000000000001
95923,25532,0.9640000000000001
95923,60671,0.8079999999999999
95935,64558,0.8640000000000001
95962,5785,0.804
95962,32066,0.852
95962,37635,0.82
95962,81982,1.0
96168,59849,1.0
96170,77202,0.848
96216,77799,1.0
96216,93212,0.828
96221,38521,0.956
96223,18728,0.9640000000000001
96401,19856,0.8079999999999999
96401,37590,0.8079999999999999
96420,51950,1.0
96426,17279,1.0
96426,70543,0.82
96426,78578,0.804
96426,79144,0.836
96434,63525,0.828
96476,38357,0.8160000000000001
96476,44544,0.8440000000000001
96476,52725,0.8560000000000001
96476,75564,0.828
96609,968,0.84
96640,79114,0.8560000000000001
96660,30521,1.0
96671,16534,0.872
96671,28878,0.8079999999999999
96671,31718,0.82
96671,69140,0.8440000000000001
96671,73116,0.848
96671,85460,0.888
96685,47653,1.0
96753,38357,0.8160000000000001
96753,52725,0.8320000000000001
96824,25296,1.0
96827,67917,1.0
96956,3399,0.836
96956,20806,0.848
96956,72550,0.82
96965,20985,0.8959999999999999
97055,31507,0.9880000000000001
97078,36042,0.816
97078,72268,0.8759999999999999
97096,51377,0.904
97108,63360,1.0
97138,24399,0.8320000000000001
97207,47174,0.8640000000000001
97209,47174,0.812
97298,3486,0.82
97298,18315,0.82
97298,30519,0.82
97298,45926,0.82
97298,52616,1.0
97298,67041,0.82
97298,70543,0.84
97298,78578,0.836
97298,79144,0.82
97322,68191,1.0
97333,19856,1.0
97470,30521,1.0
97489,18315,0.828
97489,70543,0.836
97489,78578,0.804
97489,79144,1.0
97596,28981,0.9159999999999999
97615,57749,1.0
97624,1483,1.0
97624,32066,0.828
97624,34386,0.84
97755,47682,0.828
97756,92688,0.924
97771,47653,1.0
97787,37590,0.8079999999999999
97787,72268,0.8759999999999999
97867,59849,0.828
97938,19856,0.804
97938,37590,0.8079999999999999
98057,71354,0.804
98113,27122,0.84
98267,19856,0.828
86977,1636,1.0
87138,59140,0.804
87180,19579,0.9079999999999999
87180,67116,0.8320000000000001
87211,78609,0.98
87244,78609,1.0
87277,11618,0.8320000000000001
87277,91998,0.8440000000000001
87429,17532,0.8759999999999999
87429,93363,1.0
87430,17532,0.856
87430,93363,1.0
87570,57254,0.9840000000000001
87588,3909,0.9680000000000001
87588,24343,0.8360000000000001
87700,11032,1.0
87754,48289,0.912
87781,34052,0.812
87781,55153,1.0
87816,92433,1.0
87925,11852,0.904
87984,83841,0.88
88037,17778,0.82
88037,32820,0.8080000000000002
88037,72210,0.8080000000000002
88037,94065,1.0
88044,81410,0.872
88099,46146,0.9480000000000001
88100,46146,0.9480000000000001
88119,48289,0.92
88364,86467,0.8160000000000001
88476,55767,1.0
88523,90246,0.88
88642,3909,0.9680000000000001
88642,24343,0.8360000000000001
88801,2019,1.0
88862,34924,1.0
88889,64525,1.0
89046,17532,1.0
89046,48455,0.848
89046,93363,0.8320000000000001
89129,7598,0.8320000000000001
89146,17532,1.0
89146,48455,0.848
89146,93363,0.8320000000000001
89163,94325,0.872
89231,2906,0.9359999999999999
89290,53126,0.856
89470,39962,0.804
89470,94325,1.0
89518,3563,0.86
89518,70679,0.96
89610,65997,0.98
89611,65997,0.98
89615,16321,0.868
89615,92012,0.868
89626,16321,0.884
89626,92012,0.92
89708,35987,0.828
89776,86467,0.8160000000000001
89897,53126,0.856
89919,86291,1.0
89981,75026,1.0
89982,75026,0.9840000000000001
90317,32525,1.0
90361,52645,1.0
90364,52645,1.0
90379,91998,0.892
90383,11618,0.8320000000000001
90383,91998,0.8440000000000001
90411,50023,0.912
90413,50023,0.912
90607,67621,0.9640000000000001
90633,27303,0.812
90670,47471,0.992
90711,87830,1.0
90751,51036,0.9079999999999999
90757,80101,0.92
90825,84379,0.816
90831,69036,0.9880000000000001
90987,91998,0.892
91076,67724,1.0
91142,42699,0.8079999999999999
91198,19722,0.872
91229,16739,0.84
91229,19579,0.8079999999999999
91229,23910,0.8079999999999999
91229,67116,0.8320000000000001
91229,85615,0.8440000000000001
91304,60657,1.0
91316,13861,1.0
91334,16739,0.84
91334,19579,0.8079999999999999
91334,23910,0.8079999999999999
91334,67116,0.8320000000000001
91334,85615,0.8440000000000001
91336,87830,1.0
91340,79949,0.992
91421,60657,0.9680000000000001
91471,2227,0.804
91478,67724,1.0
91558,9976,0.8080000000000002
91558,27288,1.0
91558,66440,0.8640000000000001
91561,13861,0.9880000000000001
91878,15720,0.9680000000000001
91975,2906,1.0
92001,2227,0.804
92031,80101,0.816
92039,32311,1.0
92051,32311,1.0
92177,75616,0.852
92190,80225,1.0
92415,94325,0.868
92644,92554,1.0
92680,53464,0.8880000000000001
92728,32525,1.0
92779,35694,0.9680000000000001
92821,14197,0.8759999999999999
92830,75616,1.0
92837,14197,0.8759999999999999
92977,67104,0.812
93114,11866,0.972
93122,84379,0.816
93221,31431,0.812
93317,4235,1.0
93360,12618,0.82
93360,26821,0.9840000000000001
93378,25870,0.9520000000000001
93446,27303,0.812
93655,75616,1.0
93659,13307,0.96
93698,13929,1.0
93751,72282,1.0
93781,69625,0.9079999999999999
93781,86056,0.8360000000000001
94155,84484,1.0
94409,617,0.804
94681,11866,0.972
94748,43722,0.82
94797,7081,0.8080000000000002
94823,10377,1.0
94855,5263,0.852
94855,11618,0.804
94855,24441,1.0
94855,29461,0.804
94855,34052,0.812
94855,55153,0.8280000000000001
94855,67692,0.804
94855,93436,0.852
95094,85182,0.892
95180,78704,0.8680000000000001
95240,2669,0.8240000000000001
95242,69625,0.9079999999999999
95242,86056,0.8360000000000001
95340,77769,0.9440000000000001
95454,21929,1.0
95454,60570,0.8240000000000001
95505,84484,1.0
95568,48289,0.8240000000000001
95747,3131,0.812
95747,42248,0.804
95748,3131,0.812
95748,42248,0.804
96159,13117,0.8320000000000001
96159,32992,0.8320000000000001
96159,91998,0.892
96159,93935,0.8240000000000001
96160,13117,0.812
96160,32992,0.812
96160,91998,0.892
96201,5263,0.804
96201,24441,1.0
96201,93613,0.836
96220,78704,0.8680000000000001
96294,2669,0.836
96312,56578,1.0
96346,83191,0.804
96708,12848,0.828
96708,75139,0.932
96730,62447,1.0
96796,71796,1.0
96993,16739,0.856
96993,67116,0.8320000000000001
96993,82903,1.0
97110,93511,0.804
97111,93511,0.804
97191,45286,0.8560000000000001
97718,27189,0.8080000000000002
98041,73491,1.0
98110,5263,0.812
98110,93436,0.8079999999999999
98110,93613,0.884
98378,58919,0.804
86905,43869,1.0
86913,38183,0.8760000000000001
87006,77454,1.0
87047,72557,1.0
87094,23148,0.86
87142,12509,1.0
87221,88437,0.88
87222,88437,0.88
87285,10923,0.9440000000000001
87285,25817,0.804
87286,10923,1.0
87286,25817,0.804
87537,28561,1.0
87772,69292,1.0
87927,8751,1.0
87953,90337,0.9520000000000001
87968,86821,1.0
87982,18088,0.9
88152,42342,1.0
88228,90337,0.9520000000000001
88323,20770,0.8360000000000001
88324,20770,0.828
88348,81073,0.868
88579,11719,1.0
88888,28561,1.0
88959,73515,0.8079999999999999
88969,69292,1.0
89087,82649,0.84
89089,82649,0.84
89385,18088,0.9
89416,4094,0.8079999999999999
89416,6935,0.852
89416,37963,0.9440000000000001
89483,23148,0.82
89543,42342,1.0
89576,84089,0.9680000000000001
89826,70248,0.972
89826,84310,0.852
89827,70248,0.972
89827,84310,0.852
89918,55609,0.852
89918,91110,1.0
89940,52497,1.0
89941,52497,1.0
90049,88729,1.0
90220,92632,1.0
90226,35101,1.0
90349,84866,0.96
90350,84866,1.0
90410,48939,1.0
90529,47650,0.924
90529,77782,0.836
90643,93539,1.0
90644,93539,1.0
90669,55609,0.852
90669,91110,1.0
90722,66714,1.0
90842,69728,0.904
90989,61713,1.0
90989,77782,0.856
90993,61713,1.0
90993,77782,0.856
91027,35101,1.0
91115,90912,1.0
91580,22030,0.884
91609,88729,0.9880000000000001
91637,38771,1.0
91660,38771,1.0
91732,59631,1.0
91733,59631,1.0
91771,92632,1.0
91802,23873,0.804
91802,47650,0.9480000000000001
91802,77782,0.86
91946,6332,1.0
91961,48939,1.0
92061,12566,0.9880000000000001
92063,31024,1.0
92124,32137,1.0
92128,32137,0.9880000000000001
92154,14981,1.0
92571,77782,0.8080000000000002
92858,90912,0.96
92879,89952,0.9640000000000001
92880,89952,1.0
92935,31230,0.88
93053,38092,0.9
93232,55725,0.9840000000000001
93252,34920,0.8860000000000001
93359,38092,0.9
93401,22902,0.804
93717,6332,1.0
93744,76250,1.0
93761,76250,1.0
94041,80337,1.0
94041,83646,0.8079999999999999
94252,17763,1.0
94310,83496,0.9280000000000002
94329,23873,0.804
94329,77782,0.892
94507,47021,1.0
94508,47021,1.0
94664,78284,1.0
95287,21452,1.0
96085,55609,0.816
96327,77782,0.868
96328,77782,0.868
96335,5680,0.9
96374,9878,1.0
96374,94164,0.88
96527,69728,0.868
96670,35501,0.82
96725,22801,0.94
96845,78284,1.0
96891,5680,0.9
96941,92632,1.0
96973,9878,0.9480000000000001
97227,55725,0.9840000000000001
97228,22801,0.94
97320,47008,1.0
97384,44665,0.9680000000000001
97390,94240,1.0
97510,91523,1.0
97728,45974,1.0
97728,48939,0.828
97812,77782,0.8080000000000002
97813,77782,0.8080000000000002
97852,66532,0.8080000000000002
98122,74962,0.9440000000000001
86910,19275,0.9480000000000001
86911,19275,0.9480000000000001
87122,79108,1.0
87123,79108,1.0
87264,6508,0.9
87400,50857,1.0
87403,50857,1.0
87406,67769,1.0
87420,47140,0.9840000000000001
87514,57090,1.0
87514,73595,1.0
87581,94377,1.0
87586,37327,0.9
87587,37327,0.9
87834,14821,1.0
87902,66756,1.0
88029,73008,0.848
88029,80551,0.804
88149,35505,0.9359999999999999
88189,90082,1.0
88191,90082,1.0
88472,21164,0.9520000000000001
88605,14821,0.9880000000000001
88750,64706,0.9280000000000002
88750,84040,0.9079999999999999
88915,94377,1.0
89012,67330,1.0
89062,32997,0.9280000000000002
89178,71204,0.8759999999999999
89179,71204,0.8079999999999999
89209,32705,0.84
89209,41991,0.8280000000000001
89209,62167,0.8280000000000001
89275,2732,1.0
89351,32705,0.84
89351,41991,0.812
89396,2427,0.8440000000000001
89396,3247,0.8440000000000001
89396,5950,0.8320000000000001
89396,16014,0.88
89396,19084,0.88
89396,20978,0.8440000000000001
89396,23504,0.8320000000000001
89396,24644,0.8320000000000001
89396,26397,0.848
89396,30662,0.8440000000000001
89396,34100,0.8440000000000001
89396,38832,0.8440000000000001
89396,47167,0.8440000000000001
89396,48933,0.8320000000000001
89396,66753,0.8160000000000001
89396,70291,0.8440000000000001
89396,90801,0.8440000000000001
89396,94276,0.8320000000000001
89687,32997,0.8680000000000001
89742,19986,0.96
89848,44704,1.0
89925,47167,0.84
89925,61327,0.812
89958,44704,1.0
90108,7431,1.0
90109,7431,1.0
90246,13598,0.904
90275,49396,0.912
90277,40782,0.828
90324,25134,1.0
90359,19986,0.812
90370,25134,0.9880000000000001
90381,2427,0.8440000000000001
90381,3247,0.816
90381,5950,0.8280000000000001
90381,20978,0.8320000000000001
90381,24644,0.8240000000000001
90381,30662,0.8320000000000001
90381,34100,0.8080000000000002
90381,38832,0.8080000000000002
90381,47167,0.84
90381,48933,0.852
90381,66753,0.852
90381,70291,0.8320000000000001
90381,90801,0.8080000000000002
90381,94276,0.8079999999999999
90385,3247,0.816
90385,5950,0.8079999999999999
90385,24644,0.8240000000000001
90385,47167,0.8240000000000001
90385,66753,0.804
90385,70291,0.816
90385,94276,0.8079999999999999
90386,3247,0.816
90386,5950,0.8079999999999999
90386,24644,0.8240000000000001
90386,47167,0.8240000000000001
90386,66753,0.804
90386,70291,0.816
90386,94276,0.8079999999999999
90416,49396,0.912
90676,3247,0.816
90676,19084,1.0
90676,47167,0.8240000000000001
90676,70291,0.816
90677,3247,0.816
90677,19084,1.0
90677,24644,0.804
90677,47167,0.8240000000000001
90677,70291,0.816
90759,53907,0.932
90760,53907,0.932
91224,6433,1.0
91282,32705,0.84
91351,42388,1.0
91367,42573,0.888
91368,42573,0.888
91449,2427,0.828
91449,3247,0.816
91449,5950,0.8080000000000002
91449,16014,0.8080000000000002
91449,19084,0.8080000000000002
91449,24644,0.8240000000000001
91449,47167,0.8240000000000001
91449,48933,0.8240000000000001
91449,66753,0.812
91449,70291,0.816
91510,10352,0.8240000000000001
91510,32705,0.856
91510,41991,0.82
91510,42376,0.8079999999999999
91510,62167,0.8759999999999999
91510,70799,0.8079999999999999
91510,81455,0.8240000000000001
91511,10352,0.8240000000000001
91511,32705,0.856
91511,41991,0.82
91511,42376,0.8079999999999999
91511,62167,0.8759999999999999
91511,70799,0.8079999999999999
91511,81455,0.8240000000000001
91936,3247,0.816
91936,5950,0.8160000000000001
91936,16014,1.0
91936,19084,0.852
91936,24644,0.8240000000000001
91936,47167,0.8240000000000001
91936,48933,0.884
91936,70291,0.816
91936,94276,0.8079999999999999
92068,26496,1.0
92068,82492,0.82
92179,6715,0.8079999999999999
92179,10379,0.86
92260,3247,0.9280000000000002
92585,14291,1.0
92585,22411,0.852
92945,74436,1.0
92964,30931,0.86
92978,5973,0.9840000000000001
93028,13598,0.904
93058,38616,0.8080000000000002
93158,80420,0.8079999999999999
93197,36213,0.904
93519,53134,0.8079999999999999
93632,3247,0.816
93632,20978,0.8079999999999999
93632,24644,0.82
93632,47167,0.8240000000000001
93632,70291,0.816
93632,94276,0.812
93743,12801,0.9520000000000001
93743,22841,0.82
93743,40782,0.8360000000000001
93790,75960,0.836
93871,38616,0.8320000000000001
93874,696,1.0
93875,696,0.84
93900,25524,1.0
93900,47167,0.828
94018,3247,0.9280000000000002
94071,50583,1.0
94072,50583,0.904
94438,53134,0.8079999999999999
94563,32705,0.856
94563,62167,0.816
94563,81455,1.0
94710,32705,0.84
94997,32705,0.84
94998,32705,0.84
95037,11698,0.804
95102,11698,0.872
95102,55587,0.812
95157,92174,0.8079999999999999
95315,25524,1.0
95315,47167,0.828
95346,37501,1.0
95646,75691,0.94
95712,2261,0.8640000000000001
95973,32705,0.88
95973,62167,0.816
95973,81455,0.852
96151,1423,0.904
96186,1423,0.904
96287,82646,0.976
96430,32705,0.8280000000000001
96430,35931,0.96
96701,24644,0.8280000000000001
96701,77256,0.8320000000000001
96701,89260,0.9440000000000001
96800,32705,0.84
96800,35931,0.976
96800,41991,0.804
96800,62167,0.804
97062,73983,0.8959999999999999
97140,24819,0.8480000000000001
97140,38683,0.8079999999999999
97140,58857,0.8640000000000001
97140,61979,0.8240000000000001
97140,62989,0.8440000000000001
97140,84680,0.8440000000000001
97140,85199,0.92
97179,41991,0.9280000000000002
97271,41991,0.9280000000000002
97425,30931,0.8320000000000001
97425,37501,0.812
97828,58628,0.828
97829,58628,0.828
98058,32705,0.84
98058,70799,0.804
98058,81455,0.8079999999999999
86968,12324,0.932
86983,83034,0.848
87075,8292,0.972
87223,48637,0.892
87223,79958,0.88
87223,85406,0.88
87224,48637,0.892
87224,79958,0.88
87224,85406,0.88
87352,7582,0.852
87352,48637,0.8320000000000001
87352,79958,0.828
87687,20391,1.0
87699,7625,0.8280000000000001
87766,37067,1.0
88055,51021,0.88
88056,51021,0.88
88236,28402,0.8080000000000002
88284,74811,1.0
88394,77801,1.0
88399,71082,0.84
88533,7582,0.852
88533,48637,0.8320000000000001
88533,79958,0.828
88655,16183,0.884
88656,16183,0.884
88660,86225,1.0
88731,77801,1.0
88765,57231,0.992
88766,57231,1.0
88766,66528,0.804
89328,52739,0.816
89893,45476,0.972
90498,79009,0.812
90556,16954,0.836
90559,18150,1.0
90569,48637,0.8320000000000001
90569,79958,0.828
90570,48637,0.8320000000000001
90570,79958,0.828
90776,16571,0.852
90904,52826,0.816
90905,52826,0.816
90976,45476,1.0
91107,83034,0.868
91128,19497,1.0
91204,85126,0.804
91404,60205,1.0
91407,77801,0.804
91613,16954,0.84
91624,59214,1.0
91625,59214,1.0
92289,52826,1.0
92290,52826,1.0
92562,25155,1.0
92774,51181,1.0
92780,37322,1.0
92850,51181,1.0
92877,61915,1.0
93065,54721,0.972
93066,54721,0.972
93571,25155,1.0
93778,18163,0.8759999999999999
93847,20451,0.8320000000000001
94066,76245,0.836
94460,74551,1.0
94593,61915,1.0
94715,23663,1.0
95489,88972,1.0
95499,88972,1.0
95564,57231,0.848
95564,66528,1.0
95856,223,0.912
95858,77801,0.8440000000000001
96071,57231,0.828
96141,74551,1.0
96526,48637,0.8320000000000001
96526,79958,0.828
96529,48637,0.8320000000000001
96529,79958,0.8240000000000001
96927,84399,0.924
97632,85126,1.0
97843,6504,1.0
98450,47202,0.9440000000000001
86904,80847,0.8959999999999999
86908,79625,1.0
86949,58551,0.8440000000000001
87065,59868,1.0
87066,59868,1.0
87071,86288,1.0
87129,75096,1.0
87157,70072,0.8079999999999999
87282,58551,0.8440000000000001
87354,1493,0.956
87376,38787,0.932
87377,38787,0.932
87413,59115,0.8160000000000001
87510,93476,1.0
87516,22668,0.812
87520,47705,1.0
87561,27672,1.0
87563,27672,1.0
87630,93476,0.9159999999999999
87641,86288,1.0
87736,90296,1.0
87750,59664,0.82
87775,18713,1.0
87921,79088,0.9359999999999999
87932,78784,0.9159999999999999
88049,80847,0.8959999999999999
88073,60423,1.0
88415,63748,1.0
88424,58508,0.8079999999999999
88469,47705,1.0
88495,90296,1.0
88543,60719,1.0
88620,58508,0.8079999999999999
88834,70072,0.8079999999999999
89074,2508,1.0
89138,27423,0.884
89233,19065,0.9880000000000001
89314,45517,1.0
89431,45517,1.0
89441,32720,0.856
89515,976,0.828
89515,10989,0.828
89515,12466,0.828
89515,26599,0.8079999999999999
89515,40290,0.828
89515,55383,0.828
89515,76288,0.8280000000000001
89515,90303,0.828
89517,29625,0.812
89713,33253,0.98
89909,81233,0.8480000000000001
89913,56537,0.848
89936,14467,1.0
89938,14467,1.0
89947,81233,0.8480000000000001
90023,3261,1.0
90023,26599,0.8240000000000001
90023,39882,0.84
90023,76288,0.8480000000000001
90023,78550,0.8079999999999999
90094,43156,0.884
90137,39453,1.0
90150,82425,1.0
90156,63748,1.0
90258,22969,0.92
90273,57809,1.0
90406,83065,0.94
90430,6550,1.0
90531,41528,0.848
90531,41563,0.836
90744,84683,1.0
90771,56537,0.848
90807,13327,0.8079999999999999
90829,43156,0.884
91231,60843,0.9680000000000001
91231,74515,0.804
91232,60843,0.9680000000000001
91232,74515,0.804
91308,84683,1.0
91318,25619,0.92
91329,7060,0.804
91527,13327,0.8079999999999999
91577,14560,0.9280000000000002
91808,14378,0.8440000000000001
91845,57809,1.0
91909,24935,1.0
92002,6550,1.0
92027,82417,1.0
92158,76155,1.0
92206,80462,1.0
92258,4090,0.912
92305,83065,0.94
92307,82534,0.94
92489,83771,0.916
92683,66508,0.828
92835,94088,1.0
92836,94088,1.0
92856,82534,0.94
92981,77619,0.932
92982,6052,0.868
93092,79498,0.888
93113,51724,1.0
93159,36014,0.9280000000000002
93227,4729,0.94
93273,68665,0.82
93345,14560,0.9280000000000002
93394,6052,1.0
93397,58508,0.812
93397,67120,0.812
93397,85434,0.848
93397,93945,0.816
93398,58508,0.812
93398,67120,0.812
93398,85434,0.848
93398,93945,0.816
93537,35394,0.9480000000000001
93584,54375,0.816
93613,85043,0.9520000000000001
93801,13820,1.0
93802,13820,1.0
93989,28772,0.812
93995,7686,0.812
93995,27825,1.0
94023,77697,1.0
94026,80515,0.924
94030,80515,1.0
94068,58916,0.816
94207,82417,1.0
94211,92888,0.88
94253,49138,1.0
94370,19343,1.0
94391,59115,0.8160000000000001
94586,976,0.804
94586,26599,0.8079999999999999
94586,76288,0.8280000000000001
94586,90303,0.828
94630,67556,0.868
94630,93945,1.0
94637,35394,0.9480000000000001
94650,23793,0.9480000000000001
94840,7060,1.0
94859,59578,1.0
94977,3610,0.8440000000000001
94978,3610,0.8440000000000001
95107,7060,1.0
95215,77492,1.0
95378,62958,0.92
95379,62958,0.956
95401,17975,0.8079999999999999
95401,26599,0.8240000000000001
95401,33199,0.8079999999999999
95401,40290,0.816
95401,49709,0.8280000000000001
95401,76288,0.84
95401,78550,0.8079999999999999
95401,81011,0.804
95401,90303,0.8440000000000001
95445,58916,0.816
95450,59115,0.812
95530,92888,0.88
95607,53815,0.94
95777,88362,1.0
95861,10989,0.816
95861,26599,0.8240000000000001
95861,76288,0.84
95861,78550,0.8079999999999999
95899,72180,0.9880000000000001
96047,72180,0.992
96115,11092,1.0
96115,14248,0.884
96115,45751,0.8640000000000001
96172,67556,0.836
96172,93945,0.956
96238,10478,1.0
96301,43978,0.912
96306,43978,0.992
96513,45930,1.0
96605,17503,1.0
96614,2742,1.0
96700,26599,0.8079999999999999
96700,76288,0.8280000000000001
96700,90303,0.828
96806,88362,0.94
96978,16968,0.912
96978,36165,0.86
97070,2087,0.856
97073,11092,1.0
97073,14248,0.884
97073,45751,0.8640000000000001
97158,10989,0.816
97158,26599,0.8240000000000001
97158,76288,0.84
97158,78550,0.8079999999999999
97344,70929,1.0
97344,88952,0.852
97345,70929,1.0
97345,88952,0.852
97360,2742,1.0
97386,26599,0.8240000000000001
97386,49709,0.8080000000000002
97386,76288,0.84
97386,78550,0.8079999999999999
97386,81011,0.804
97386,90303,0.8280000000000001
97545,24502,1.0
97847,47038,1.0
97932,59115,0.8320000000000001
97967,89597,1.0
98080,93422,0.868
98172,27680,0.82
98357,51776,1.0
86921,56803,0.8760000000000001
86926,93221,0.92
87051,5260,1.0
87162,54367,1.0
87165,57951,0.8240000000000001
87189,64986,0.836
87189,73379,0.852
87858,64986,0.812
88095,67681,1.0
88097,67681,1.0
88133,64986,0.804
88133,73379,0.812
88197,93221,0.92
88208,64986,0.804
88208,73379,0.812
88212,423,0.856
88275,1815,0.816
88275,25412,0.8240000000000001
88275,60075,0.8240000000000001
88275,72188,0.816
88275,73379,0.8160000000000001
88372,89096,0.8240000000000001
88507,91002,1.0
88515,79531,1.0
88604,70233,1.0
88783,39389,0.852
88783,60075,0.8240000000000001
88783,72188,0.8240000000000001
88920,1815,0.8160000000000001
88920,16576,0.8240000000000001
88920,64986,0.86
88920,70348,1.0
88920,73379,0.8760000000000001
88920,90844,0.82
89025,7717,0.812
89025,30379,0.82
89025,34989,0.8079999999999999
89025,39389,1.0
89025,89357,0.8320000000000001
89306,1815,0.8160000000000001
89306,24418,0.804
89306,64986,0.86
89306,73379,0.872
89306,90844,0.804
89549,53774,1.0
89570,14480,0.9280000000000002
89587,53774,1.0
89643,2374,0.8080000000000002
89643,39389,0.852
89643,60075,0.8240000000000001
89643,72188,0.8240000000000001
89643,89269,0.8160000000000001
89736,41478,0.8240000000000001
89921,56803,0.8760000000000001
89922,26583,1.0
89923,26583,1.0
89966,423,0.856
90057,70233,1.0
90142,41478,0.8959999999999999
90181,76204,1.0
90447,73722,1.0
90785,9500,0.804
90840,64986,0.836
90840,70348,1.0
90840,73379,0.852
90867,14480,0.9280000000000002
91089,20472,1.0
91114,91002,1.0
91123,5260,0.956
91206,64986,0.82
91206,73379,0.8280000000000001
91221,479,0.872
91221,23932,0.9680000000000001
91221,79225,0.892
91242,70233,0.8480000000000001
91355,16576,1.0
91355,64986,0.82
91355,73379,0.8320000000000001
91378,1815,0.8160000000000001
91378,64986,0.86
91378,73379,0.8880000000000001
91378,90844,0.8160000000000001
91498,4565,0.812
91498,8099,0.816
91498,24086,1.0
91498,38288,0.8240000000000001
91498,89087,0.812
91508,479,0.8080000000000002
91508,23932,0.904
91508,79225,0.872
91729,12317,0.8240000000000001
91734,2374,0.8079999999999999
91734,60075,0.82
91734,72188,0.804
91734,75341,1.0
92157,84167,0.912
92160,84167,0.912
92215,76204,1.0
92244,14330,0.868
92244,75228,0.848
92245,14330,0.868
92245,75228,0.848
92889,6112,0.82
92889,7717,0.82
92889,28775,0.888
92889,30379,0.82
92889,34989,0.82
92889,39389,1.0
92889,89357,0.8320000000000001
93016,10484,1.0
93161,12317,0.8240000000000001
93425,1564,0.804
93469,30921,1.0
93585,64986,0.836
93585,73379,0.852
93697,56803,0.8760000000000001
93837,60075,0.816
93837,81735,1.0
94115,6665,1.0
94141,25412,0.8320000000000001
94141,64986,0.836
94141,73379,0.852
94203,6665,1.0
94499,58195,0.8320000000000001
94822,58195,0.8320000000000001
94908,30921,0.9680000000000001
95039,540,1.0
95305,1815,0.8160000000000001
95305,64986,0.86
95305,73379,0.8880000000000001
95305,90844,0.8360000000000001
95339,12796,1.0
95942,56803,0.8360000000000001
96623,2374,0.868
96623,44055,1.0
96883,2374,0.868
96883,44055,1.0
97009,423,0.82
97103,59757,0.828
97375,479,0.8080000000000002
97375,5948,0.8320000000000001
98023,63753,0.828
98023,88922,1.0
98355,52838,1.0
98365,89469,0.912
86900,39509,0.856
86900,53843,0.8240000000000001
86900,77359,0.84
86900,85401,0.9280000000000002
86900,90409,1.0
87101,43361,1.0
87116,39111,1.0
87158,55822,1.0
87169,86967,1.0
87240,38190,0.932
87311,8598,0.84
87311,62819,0.8280000000000001
87311,83755,0.9
87356,39509,0.856
87356,53843,0.8240000000000001
87356,77359,0.84
87356,85401,0.9280000000000002
87356,90409,1.0
87465,39295,1.0
87668,32602,1.0
87703,86967,1.0
87716,43361,1.0
87848,19018,0.8440000000000001
87848,84781,0.9680000000000001
87898,28099,1.0
87951,90950,1.0
87972,74933,1.0
87990,84599,1.0
88007,91362,1.0
88022,13805,0.852
88022,28059,0.9079999999999999
88108,32602,1.0
88111,8598,0.84
88111,62819,0.8280000000000001
88111,83755,0.9
88122,70197,0.86
88160,71907,1.0
88375,23149,0.804
88402,47208,0.884
88465,2907,1.0
88488,47208,0.884
88576,24339,1.0
88598,38190,0.932
88624,57869,0.932
88767,54776,1.0
89028,8419,0.848
89044,22140,0.84
89044,37240,0.8280000000000001
89044,60184,0.992
89044,62161,0.892
89044,81186,0.84
89107,55822,1.0
89185,85858,1.0
89299,17013,0.828
89347,90950,1.0
89557,71907,1.0
89579,16889,0.812
89778,73817,0.8360000000000001
89795,23149,0.804
89834,63242,0.856
89834,94080,1.0
89993,73817,0.848
90076,86503,0.9880000000000001
90077,86503,0.9880000000000001
90095,19267,0.816
90095,48954,0.816
90209,3463,0.804
90209,10460,0.8280000000000001
90209,22140,0.84
90209,32471,0.8240000000000001
90209,37240,0.9
90209,41115,0.836
90209,43508,0.836
90209,58369,0.884
90209,62161,0.8640000000000001
90209,64181,0.82
90209,77359,0.804
90209,81186,0.868
90210,3463,0.804
90210,10460,0.8280000000000001
90210,22140,0.84
90210,32471,0.8240000000000001
90210,37240,0.9
90210,41115,0.836
90210,43508,0.836
90210,58369,0.884
90210,62161,0.8640000000000001
90210,64181,0.82
90210,77359,0.804
90210,81186,0.868
90268,24339,1.0
90287,87832,1.0
90296,47208,0.8440000000000001
90356,32730,0.8080000000000002
90490,47204,1.0
90492,47204,1.0
90508,8419,0.848
90548,3098,0.848
90548,10526,0.8240000000000001
90548,11672,0.8080000000000002
90548,49651,0.8080000000000002
90548,57869,0.804
90568,84615,0.9
90596,79963,0.9480000000000001
90641,3098,0.848
90641,10526,0.8240000000000001
90641,11672,0.8080000000000002
90641,49651,0.8080000000000002
90641,57869,0.804
90784,91362,1.0
90834,43400,0.8240000000000001
90865,28255,0.812
90899,33781,1.0
90899,70197,0.804
90965,62819,1.0
90966,62819,1.0
90980,87832,1.0
90981,18196,0.82
90981,87832,0.828
91185,19018,0.82
91252,63242,0.856
91252,94080,1.0
91284,19018,0.82
91360,26888,1.0
91503,32130,1.0
91645,33781,1.0
91645,70197,0.8240000000000001
91658,19267,0.816
91658,48954,0.816
91883,26969,0.84
91969,59349,0.8360000000000001
92040,10460,0.804
92040,18083,0.804
92040,22140,0.84
92040,27173,0.828
92040,32471,0.804
92040,37240,0.852
92040,43508,0.828
92040,62161,0.8640000000000001
92040,81186,1.0
92070,70809,0.912
92702,93860,1.0
92988,2173,1.0
92989,2173,1.0
93063,84513,1.0
93362,78370,0.868
93364,48954,1.0
93810,10460,0.804
93810,18083,0.804
93810,22140,0.84
93810,27173,0.828
93810,32471,0.804
93810,37240,0.852
93810,43508,0.828
93810,62161,0.8640000000000001
93810,81186,1.0
93841,10460,0.82
93841,13008,0.82
93841,18083,0.82
93841,22140,0.868
93841,26969,0.82
93841,27173,0.8240000000000001
93841,32471,0.82
93841,37240,0.852
93841,40828,0.8240000000000001
93841,43508,0.82
93841,55079,0.848
93841,62161,0.8640000000000001
93841,64181,0.82
93841,81186,0.84
93857,3495,0.8160000000000001
93872,79957,1.0
93930,60633,1.0
94055,70871,1.0
94183,38265,0.9880000000000001
94225,31736,0.8959999999999999
94259,51226,1.0
94415,84615,0.9
94549,32730,0.9159999999999999
94632,84513,1.0
94688,70871,1.0
94702,78370,1.0
94714,93860,1.0
94962,39509,0.836
94962,53843,0.804
94962,77359,0.848
94962,85401,0.836
94962,90409,0.892
95200,91425,1.0
95203,91425,1.0
95313,51226,1.0
95324,32730,0.9159999999999999
95338,64181,0.9440000000000001
95338,76657,0.8360000000000001
95893,59467,0.9680000000000001
95930,16889,0.804
95951,86294,1.0
95952,86294,1.0
95991,6896,0.816
95991,48365,0.8079999999999999
95991,73387,0.8759999999999999
96076,8598,0.8079999999999999
96076,17077,0.9880000000000001
96076,83755,0.8079999999999999
96093,9206,1.0
96364,12968,0.932
96382,85811,1.0
96515,79957,0.956
96805,6896,1.0
96805,7785,0.836
96878,9206,1.0
97122,79957,1.0
97164,62680,0.884
97193,88623,1.0
97220,2139,0.9079999999999999
97354,60633,1.0
97393,4801,1.0
97416,8598,0.836
97488,22140,0.84
97488,37240,0.8440000000000001
97488,62161,0.8759999999999999
97488,81186,0.84
97567,86053,0.8759999999999999
97568,86053,0.8759999999999999
97741,43049,0.8080000000000002
97741,57869,0.8080000000000002
97760,55394,1.0
97819,69118,0.932
98046,85336,1.0
98047,85336,1.0
98305,8963,1.0
98307,23108,1.0
86978,35186,0.86
87053,40400,1.0
87147,85523,0.924
87148,85523,0.94
87238,20584,0.8360000000000001
87238,33271,0.8240000000000001
87239,20584,0.8360000000000001
87239,33271,0.8240000000000001
87453,28247,0.9280000000000002
87524,58356,0.8640000000000001
87693,35559,0.804
87738,8719,0.804
87738,20584,1.0
87738,33271,0.8240000000000001
87738,47599,0.924
87738,77274,0.9
87738,79763,0.856
87954,41154,0.82
87954,67887,0.9880000000000001
87965,737,0.86
87965,28478,0.86
87965,59696,0.8360000000000001
87965,75758,0.8360000000000001
88041,71707,0.924
88144,18243,0.9480000000000001
88147,71707,0.88
88167,22971,1.0
88195,59696,0.872
88382,81648,0.848
88503,30290,1.0
88592,11648,0.932
88810,35559,0.8240000000000001
88815,74585,1.0
88819,91980,0.8640000000000001
88872,81648,0.8160000000000001
88879,58356,0.8640000000000001
88900,67887,0.96
89376,38102,0.8160000000000001
89620,53875,0.9680000000000001
89664,35559,0.8240000000000001
89677,43517,0.9840000000000001
89830,54086,0.848
89915,54086,0.904
90301,15232,1.0
90315,85381,1.0
90374,15232,1.0
90561,35559,0.8240000000000001
90612,6602,0.868
90721,38004,1.0
90777,82330,0.856
90910,6602,0.8959999999999999
90968,91980,0.8440000000000001
91045,58593,0.96
91180,8719,0.804
91180,20584,0.8360000000000001
91180,33271,0.8440000000000001
91180,49521,0.972
91181,8719,0.804
91181,20584,0.8360000000000001
91181,33271,0.8440000000000001
91181,49521,0.972
91297,55940,0.96
91518,55940,0.884
91536,74652,0.93
91724,47239,0.9440000000000001
91743,25352,0.852
91868,82458,1.0
91869,82458,0.9440000000000001
92129,58593,0.96
92211,32831,0.8080000000000002
92211,59537,0.812
92211,91980,0.8240000000000001
92212,6642,0.84
92212,91980,0.88
92345,17093,0.9640000000000001
92366,70396,1.0
92636,74951,0.848
92887,10545,0.932
93062,14404,0.836
93062,55816,0.8360000000000001
93062,56858,0.812
93237,59537,0.9
93370,82564,0.976
93453,24847,0.8640000000000001
93468,24847,0.8640000000000001
93765,55314,0.804
93765,74174,0.8160000000000001
93765,80409,0.848
93765,89841,0.8320000000000001
94555,6642,0.8080000000000002
94555,17858,0.8080000000000002
94555,55314,0.88
94555,64448,0.8080000000000002
94555,74174,0.84
94555,83024,0.8080000000000002
94555,89841,0.84
94559,55314,0.804
95201,8719,0.804
95201,20584,0.856
95201,24510,0.856
95201,24727,0.852
95201,33271,0.8440000000000001
95201,48147,0.852
95201,79763,0.804
95202,8719,0.804
95202,20584,0.856
95202,24510,0.856
95202,24727,0.852
95202,33271,0.8440000000000001
95202,48147,0.852
95202,79763,0.804
95870,73284,0.98
95979,14404,0.86
95979,24847,0.8240000000000001
95979,55816,0.84
95979,56858,0.8360000000000001
95979,64930,0.82
95979,83024,0.8240000000000001
96031,9658,0.8240000000000001
96031,20584,0.8360000000000001
96031,24727,0.804
96031,33271,0.8240000000000001
96031,41873,0.836
96031,44217,0.8240000000000001
96043,8719,0.8080000000000002
96043,20584,0.8360000000000001
96043,33271,0.8240000000000001
96043,41873,0.8080000000000002
96043,49521,0.82
96043,73079,0.8320000000000001
96177,70396,1.0
96544,60630,1.0
96558,1577,1.0
96558,77982,0.82
96837,32631,0.8880000000000001
96837,82059,0.812
97128,68127,1.0
97576,59833,0.9440000000000001
97678,64053,1.0
97972,64053,0.9440000000000001
98075,8719,0.8080000000000002
98075,9658,0.8080000000000002
98075,20584,0.8360000000000001
98075,33271,0.8240000000000001
98075,41873,0.8080000000000002
98075,44217,0.8080000000000002
98075,49521,0.8080000000000002
98075,54427,0.8080000000000002
98075,77274,0.8080000000000002
98075,79763,0.8080000000000002
98290,42167,0.812
86923,1040,0.828
87013,40563,0.884
87440,19659,1.0
87577,49123,0.9520000000000001
87844,57208,0.96
88066,27444,0.804
88077,57208,0.9520000000000001
88313,12871,1.0
88314,12871,1.0
88458,93156,1.0
88508,41748,0.8959999999999999
88528,84476,1.0
88567,41748,0.852
88573,59008,1.0
88590,94141,1.0
88701,9882,0.8160000000000001
88709,19659,1.0
88953,37084,0.812
88953,38468,0.82
88953,74755,0.82
88953,90010,1.0
89064,11868,1.0
89069,11868,1.0
89075,94141,1.0
89350,48743,0.9
89389,5895,1.0
89768,14929,0.8640000000000001
89768,18467,0.828
89769,14929,0.8640000000000001
89769,18467,0.828
89847,93112,1.0
90148,9142,1.0
90261,21105,1.0
90539,43865,0.9640000000000001
90540,43865,0.9640000000000001
90621,21105,1.0
91015,43627,1.0
91113,30996,1.0
91253,10651,0.9520000000000001
91761,85493,1.0
91803,40563,0.904
91934,58355,0.9520000000000001
91935,58355,0.9520000000000001
91952,72456,0.972
92013,10664,0.8240000000000001
92248,25914,1.0
92335,22122,1.0
92530,4166,0.82
92530,74435,0.8080000000000002
92530,89272,0.888
92551,7883,0.8240000000000001
92605,12943,1.0
92609,12943,1.0
92766,73069,1.0
92824,35574,0.972
92824,48251,0.8440000000000001
92864,30996,1.0
92996,40493,1.0
93148,23136,0.86
93149,23136,0.86
93200,88602,1.0
93303,73069,1.0
93480,20660,1.0
93529,76767,0.94
93645,8298,0.836
93645,20418,1.0
93753,40049,1.0
93753,42225,0.8160000000000001
93832,41748,0.852
93891,82744,1.0
93921,73069,0.8759999999999999
93925,73069,0.8759999999999999
94765,88602,1.0
94816,40049,1.0
94816,42225,0.8160000000000001
95219,29538,1.0
95239,25914,1.0
95258,8298,0.812
95258,20418,0.9520000000000001
95334,4166,0.82
95334,73289,1.0
95334,74755,0.82
95805,29538,0.924
96050,630,1.0
96060,28936,0.9
96060,80914,0.8080000000000002
96334,13321,0.868
96334,90004,0.8240000000000001
96456,59060,1.0
96468,4166,1.0
96468,38468,0.82
96468,74755,0.82
96469,4166,1.0
96469,38468,0.82
96469,74755,0.82
96618,73464,1.0
96899,76767,0.9080000000000001
96910,15855,1.0
97192,71366,1.0
97340,91219,0.82
97538,91219,0.8240000000000001
97555,75046,1.0
97691,42903,0.868
97925,630,1.0
98137,5636,0.8640000000000001
98137,23941,0.8240000000000001
98137,45528,0.94
98137,50389,0.812
98137,69840,0.812
98212,75046,0.972
98226,75046,0.972
98230,5636,0.8880000000000001
98230,30189,0.812
98230,45528,1.0
98230,50389,0.84
98230,69840,0.84
98230,76767,0.848
98230,86796,0.816
98277,41700,1.0
98277,64829,0.82
98462,62035,1.0
86916,9371,0.956
86955,94335,0.8360000000000001
87090,94335,0.8360000000000001
87179,94335,0.8360000000000001
87519,27269,0.804
87522,33899,0.9440000000000001
87715,75800,0.904
87913,23774,1.0
88070,6567,1.0
88340,16065,0.8079999999999999
88434,52108,0.8080000000000002
88442,52108,0.8240000000000001
88550,36163,1.0
88672,94335,0.8360000000000001
88762,7310,0.9280000000000002
88976,5687,1.0
89072,5687,1.0
89090,31906,0.9440000000000001
89140,52593,1.0
89140,85579,0.852
89438,94546,0.935
89621,41955,0.9440000000000001
89752,16065,0.8079999999999999
89788,50372,0.8440000000000001
89992,36163,0.9359999999999999
90182,31585,1.0
90509,53157,0.9880000000000001
90509,73928,0.8280000000000001
90560,5366,0.976
90586,31906,0.9440000000000001
90648,31585,1.0
91036,11160,1.0
91068,44559,0.92
91122,11160,0.932
91136,15049,0.956
91338,43392,0.92
91794,52108,0.8360000000000001
91968,52108,0.8360000000000001
92038,41955,0.9440000000000001
92133,85579,0.872
92176,75240,0.94
92374,53216,1.0
92539,85579,0.872
92708,44559,0.9480000000000001
92753,72726,0.8320000000000001
92753,80983,0.86
92753,81360,0.8280000000000001
92926,91639,0.8759999999999999
92938,91639,0.8320000000000001
93604,52593,0.8079999999999999
93604,85579,1.0
93634,73571,0.8959999999999999
93634,75285,0.932
94152,72726,0.8320000000000001
94152,80983,0.86
94152,81360,0.8280000000000001
94244,10217,0.816
94245,10217,0.84
94245,37729,0.812
94394,55840,0.8759999999999999
94474,85579,0.836
94480,44043,0.92
94522,26360,0.8080000000000002
94610,8086,0.9440000000000001
94720,52593,0.84
94720,85579,0.836
94773,5366,0.804
94934,26065,0.96
94947,13985,1.0
95244,51656,0.956
95482,59873,0.9440000000000001
95908,62935,0.836
95914,76407,0.924
95956,26360,0.8080000000000002
96203,37729,0.8079999999999999
96203,65468,0.956
96204,37729,0.8079999999999999
96204,65468,0.956
96231,62533,1.0
96231,65468,0.8320000000000001
96231,72726,0.8240000000000001
96231,81360,0.84
96251,39256,1.0
96251,48803,0.828
96251,70896,0.8440000000000001
96402,28272,0.848
96402,83261,0.848
96457,29999,0.972
96977,22660,1.0
96977,75285,0.8240000000000001
97102,39256,1.0
97102,48803,0.804
97102,70896,0.804
97273,9518,0.9480000000000001
97366,35870,1.0
97367,35870,1.0
97831,58142,0.8240000000000001
97831,73571,0.8959999999999999
97831,75239,0.8640000000000001
97831,75285,0.84
97832,73571,0.816
97848,9518,0.9480000000000001
97908,20019,0.8480000000000001
97908,74301,0.9440000000000001
97969,40409,0.9079999999999999
97984,22660,1.0
97984,75285,0.8240000000000001
86901,27481,0.868
87247,82491,1.0
87878,48349,0.8079999999999999
87995,29104,1.0
88072,32612,1.0
88735,6993,0.8160000000000001
88735,18853,0.8240000000000001
88735,81730,0.8160000000000001
88743,4554,0.8320000000000001
88743,8162,0.812
88743,23852,0.8240000000000001
88743,49705,0.8080000000000002
88743,58258,0.8440000000000001
88743,62352,0.8320000000000001
88743,80443,0.8240000000000001
88743,91944,0.804
88859,54574,0.9480000000000001
88875,82491,0.932
89253,6993,0.8160000000000001
89253,18853,0.8240000000000001
89253,81730,0.8160000000000001
89467,32612,1.0
90068,87914,0.972
90116,33223,1.0
90228,7809,0.8160000000000001
90229,7809,0.8160000000000001
90686,3868,0.9520000000000001
90836,87914,1.0
90851,91944,1.0
90942,91944,1.0
90970,11776,0.848
90973,11776,0.848
91017,82405,0.836
91494,4554,0.8320000000000001
91494,8162,0.812
91494,23852,0.8240000000000001
91494,49705,0.8080000000000002
91494,58258,0.8440000000000001
91494,62352,0.8320000000000001
91494,80443,0.8240000000000001
91494,91944,0.804
91509,54574,0.9480000000000001
91685,33223,1.0
91687,61825,1.0
91881,11776,0.8640000000000001
91881,74278,0.8160000000000001
92180,21826,1.0
92528,5031,0.804
93023,79778,1.0
93025,79778,1.0
93339,91944,0.804
93339,92931,1.0
94277,10609,0.816
94606,8417,0.8240000000000001
94606,55424,0.812
94734,90609,1.0
94754,82405,0.8320000000000001
95304,8417,0.8240000000000001
95304,32422,0.804
95304,37940,0.804
95304,55424,0.848
95304,61881,0.816
95304,93740,0.804
95464,2843,1.0
95678,7809,0.8240000000000001
96032,72330,0.8320000000000001
96180,64937,0.956
96538,18853,0.804
96538,81730,0.812
96689,18853,0.8080000000000002
96932,22813,1.0
96933,22813,1.0
96988,2843,1.0
97104,18853,0.804
97104,81730,0.812
97356,72191,0.848
97369,72330,1.0
97461,90609,1.0
97751,4554,0.848
97751,49705,0.8080000000000002
97751,80443,1.0
97944,25031,1.0
98183,48009,1.0
98183,50069,0.804
98470,79778,0.84
86920,44904,1.0
87064,23996,1.0
87064,43370,0.856
87332,54137,1.0
87363,43370,0.816
87597,65334,0.836
87734,42675,0.904
87944,65334,0.836
88110,20537,1.0
88110,31793,0.804
88110,63611,0.8079999999999999
88502,30201,1.0
88724,38034,1.0
88763,38034,1.0
89043,8,0.94
89043,38034,0.812
89043,69706,1.0
89093,42675,0.9280000000000002
89141,31988,0.868
89142,31988,0.868
89333,23996,1.0
89333,43370,0.856
89691,9656,0.86
89692,9656,0.86
89764,9775,0.8079999999999999
90080,12841,0.84
90080,28314,0.856
90080,46908,0.848
90204,8,0.94
90204,69706,0.856
90279,34703,0.812
90333,9775,0.82
90339,80202,1.0
90622,88834,1.0
90665,88834,0.94
90667,80202,1.0
90717,38034,0.812
90717,52521,0.812
90850,1054,0.8240000000000001
90861,20537,1.0
90861,31793,0.804
91176,85689,1.0
91560,10729,1.0
91753,69291,0.888
92538,1054,0.8240000000000001
92628,34703,0.816
93087,34703,0.816
93344,41862,0.932
94644,93618,1.0
94645,93618,1.0
94665,38034,0.812
94873,41862,0.932
95073,34703,0.86
95082,62115,1.0
95224,38034,0.812
95303,51545,1.0
95817,38034,0.812
95953,34908,1.0
96599,20537,0.8959999999999999
96599,31793,0.812
96599,63611,0.816
96752,9775,0.9280000000000002
96876,34908,1.0
97334,23096,1.0
97840,88834,0.816
98051,20851,1.0
98454,50864,1.0
98454,82048,0.9520000000000001
87741,94297,0.828
87906,7363,1.0
87906,94297,0.836
88201,94297,0.828
88529,12709,0.872
88529,61105,0.992
88632,40464,1.0
88865,42900,0.828
89829,13764,0.9359999999999999
90152,40464,1.0
90553,1821,1.0
90554,1821,1.0
90939,80829,1.0
90992,48543,1.0
92231,48543,1.0
92356,1943,0.884
93281,7635,0.956
93448,22306,0.848
93487,7635,0.956
93590,22306,0.8079999999999999
94590,42001,1.0
94594,42001,1.0
86912,24044,0.872
87072,24044,0.872
89184,53649,1.0
89378,53649,1.0
89493,21550,0.856
89493,85077,1.0
89493,87709,0.8320000000000001
90029,87665,1.0
90053,83003,1.0
90395,65511,0.804
90395,73207,0.804
90502,39263,1.0
90562,86880,0.9520000000000001
90698,21159,0.8240000000000001
90698,33764,1.0
90933,30864,1.0
91078,12186,0.852
91078,24159,1.0
91078,40846,0.84
91078,50405,0.8759999999999999
91078,53919,0.8240000000000001
91078,77891,0.8640000000000001
91079,12186,0.852
91079,24159,1.0
91079,40846,0.84
91079,50405,0.8759999999999999
91079,53919,0.8240000000000001
91079,77891,0.8640000000000001
91291,21415,1.0
91627,73207,1.0
91782,28106,1.0
91916,76276,1.0
92030,75703,0.856
92385,12186,0.888
92385,22819,0.8440000000000001
92385,24159,0.84
92385,40846,0.84
92385,50405,1.0
92385,53919,0.8360000000000001
92385,77891,0.8640000000000001
92579,39854,0.9440000000000001
92810,30809,1.0
92833,47968,0.852
92921,12186,0.888
92921,22819,0.8440000000000001
92921,24159,0.84
92921,40846,0.84
92921,50405,1.0
92921,53919,0.8360000000000001
92921,77891,0.8640000000000001
93539,28106,1.0
93808,75703,0.856
93862,64735,0.8079999999999999
94143,64735,0.8079999999999999
94262,39263,1.0
94546,44050,1.0
94874,15504,1.0
95120,21415,0.8440000000000001
95709,42553,1.0
96021,81550,1.0
96022,81550,1.0
96069,33592,1.0
96080,33592,1.0
96149,30809,1.0
96333,76141,1.0
96517,24694,1.0
96756,42553,1.0
97240,74857,0.816
97473,52071,0.8240000000000001
97621,8376,1.0
97920,8376,0.98
97927,28271,1.0
97989,79341,0.848
98055,34856,0.94
98073,48776,0.82
98078,12745,0.8360000000000001
98078,34856,1.0
98184,72975,0.9520000000000001
98242,24159,0.84
98242,40846,0.892
98242,50405,0.8240000000000001
98242,53919,0.8240000000000001
98242,77891,0.8240000000000001
98242,85647,0.8080000000000002
98263,72975,0.9520000000000001
86947,61279,1.0
86947,72433,0.956
87059,36420,0.8759999999999999
87281,84439,0.976
88290,11208,0.9359999999999999
88357,11292,1.0
88357,69313,0.8240000000000001
88357,81831,0.812
88483,999,0.8280000000000001
88483,11292,0.816
88483,27427,1.0
88483,63441,0.8280000000000001
88483,69313,0.8240000000000001
88483,81831,0.8320000000000001
88483,83899,0.8640000000000001
88825,14220,1.0
88825,36691,0.8440000000000001
88825,81010,0.804
88876,48073,0.9680000000000001
88883,50378,1.0
88884,50378,1.0
89023,52219,0.976
89775,11292,1.0
89775,69313,0.8240000000000001
89775,81831,0.812
89779,69138,1.0
89779,83899,0.8240000000000001
89807,10230,0.888
89866,65981,0.96
89866,93347,0.82
90059,65981,0.96
90059,93347,0.82
90482,52219,0.976
90637,36691,0.82
90945,72733,0.8320000000000001
91090,48073,0.8759999999999999
91227,28522,1.0
91620,28522,1.0
93629,65790,0.804
93629,69896,0.8880000000000001
94307,51375,1.0
94491,69137,1.0
94492,69137,1.0
94689,51375,1.0
95252,14962,0.8440000000000001
95252,36691,0.804
95252,92631,0.8320000000000001
95471,83780,1.0
95690,12525,0.82
95995,2309,0.86
97215,40934,0.9080000000000001
97230,49655,1.0
97474,36691,0.816
97474,81010,0.9520000000000001
97515,36691,0.956
97515,81010,0.892
97659,22840,0.836
97710,36691,0.816
97710,81010,0.9520000000000001
98202,69313,0.804
98315,56085,1.0
98390,999,0.804
98407,38040,1.0
98408,38040,1.0
87228,78509,0.9480000000000001
87404,63006,0.9840000000000001
87657,63006,1.0
88053,74133,0.856
88125,17340,0.8440000000000001
88125,50910,0.84
88125,74133,0.84
88429,47349,1.0
88430,47349,1.0
89196,87563,1.0
89218,87563,0.9840000000000001
89709,15808,0.8440000000000001
89955,78509,0.9480000000000001
90306,65576,1.0
90307,23994,1.0
90307,37601,0.82
90583,80274,0.9080000000000001
90585,80274,0.9080000000000001
90827,49280,0.9
91130,72728,1.0
91548,86230,0.872
91786,49280,0.9
91875,23994,1.0
91875,37601,0.82
92193,72728,1.0
93691,36656,0.9280000000000002
93976,59037,0.848
94025,36656,0.9280000000000002
94081,65576,1.0
94854,75266,0.8320000000000001
95008,1104,0.82
95011,1104,0.82
95780,58933,1.0
95967,75266,0.8320000000000001
96378,84600,0.828
96669,58933,1.0
97712,92328,1.0
97744,85517,1.0
98396,29879,0.956
87316,11224,1.0
87357,12188,0.804
87357,82192,0.8240000000000001
87358,12188,0.804
87358,82192,0.8240000000000001
87385,11016,0.856
87385,27500,0.848
87385,37965,0.8320000000000001
87385,53788,0.8759999999999999
87385,58208,0.836
87385,66124,0.836
87385,67743,0.8759999999999999
87385,72001,0.852
87385,78545,0.828
87385,79242,0.836
87385,83676,0.8759999999999999
87385,85891,0.8959999999999999
87385,87090,0.8080000000000002
87385,94574,0.8320000000000001
87612,43188,1.0
87706,11016,0.8080000000000002
87706,27500,0.82
87706,37965,0.8440000000000001
87706,72001,0.82
87706,73566,0.8080000000000002
87706,85891,0.82
87707,11016,0.836
87707,27500,0.868
87707,37965,0.8320000000000001
87707,67743,0.828
87707,72001,0.848
87707,78545,0.8079999999999999
87707,85891,0.868
87827,33714,0.94
88649,30777,0.8280000000000001
88649,34281,0.8280000000000001
89002,29803,1.0
89221,33714,0.94
89336,76610,0.9640000000000001
89486,11016,0.836
89486,11601,0.9159999999999999
89486,27500,0.868
89486,37965,0.8320000000000001
89486,58208,0.812
89486,67743,0.828
89486,72001,0.868
89486,78545,0.8079999999999999
89486,85891,0.848
89660,30777,0.8280000000000001
89660,34281,0.8280000000000001
90675,10893,0.816
90675,11016,0.856
90675,27500,0.856
90675,53788,0.856
90675,58208,0.856
90675,66124,0.856
90675,67743,0.856
90675,72001,0.856
90675,79242,0.856
90675,83676,0.856
90675,85891,0.8640000000000001
90675,94574,0.8480000000000001
90758,49173,1.0
91496,511,1.0
91501,511,1.0
92272,24818,0.912
93002,11016,0.8080000000000002
93002,11601,0.9159999999999999
93002,27500,0.82
93002,37965,0.8440000000000001
93002,72001,0.82
93002,73566,0.8080000000000002
93002,85891,0.82
93804,93287,0.812
94178,24818,0.912
94200,75209,0.82
94325,75209,0.84
94980,42458,0.8240000000000001
94980,78545,0.8440000000000001
95729,49173,1.0
96258,43435,0.828
97086,12188,0.816
97088,12188,0.816
97398,75209,0.872
97446,11016,0.8080000000000002
97446,27500,0.82
97446,37965,0.8440000000000001
97446,72001,0.82
97446,73566,0.8080000000000002
97446,85891,0.82
97447,11016,0.8320000000000001
97447,27500,0.848
97447,37965,0.812
97447,67743,0.8240000000000001
97447,72001,0.8440000000000001
97447,85891,0.8440000000000001
97449,31080,0.8079999999999999
97490,93287,0.88
97606,93287,0.88
98097,15287,0.812
98254,15287,0.812
88396,54041,0.9680000000000001
88532,32548,0.8240000000000001
89645,35725,0.8480000000000001
89650,63116,1.0
90192,3569,1.0
90977,63116,1.0
91918,3569,1.0
92615,70227,1.0
92616,70227,1.0
94753,33809,0.804
96747,28258,0.888
89639,66981,0.9680000000000001
90573,40475,1.0
90927,66981,0.836
92041,51289,1.0
92685,66981,0.82
92825,46967,0.848
93496,68972,0.9880000000000001
93963,13558,1.0
93965,13558,1.0
94948,51289,1.0
95365,68972,0.98
96919,33855,0.8959999999999999
89118,51417,1.0
93324,10776,0.8759999999999999
93325,10776,0.8759999999999999
87691,36385,0.9079999999999999
87996,36385,0.9079999999999999
88308,85922,0.96
88309,85922,0.96
91400,62673,0.804
91541,8009,1.0
91541,29881,0.8320000000000001
91541,34529,0.9080000000000001
91542,8009,1.0
91542,29881,0.8320000000000001
91542,34529,0.9080000000000001
98479,53642,0.956
98180,72169,0.925
93250,92223,0.8280000000000001
92865,41863,0.912
95394,93980,0.8760000000000001
87651,52242,0.8980000000000001
97815,71477,0.972
